{"stats":{"minecraft:killed_by":{"minecraft:pillager":1},"minecraft:used":{"farmersdelight:onion":7,"minecraft:snow_block":1,"minecraft:sweet_berries":15},"minecraft:mined":{"minecraft:sweet_berry_bush":2,"biomesoplenty:snowblossom_leaves":1,"immersive_weathering:frosty_fern":1},"minecraft:custom":{"minecraft:jump":182,"minecraft:open_chest":3,"minecraft:time_since_rest":18612,"minecraft:damage_dealt":20,"minecraft:damage_taken":955,"minecraft:crouch_one_cm":572,"minecraft:leave_game":7,"minecraft:play_time":24619,"minecraft:sprint_one_cm":9586,"minecraft:time_since_death":18460,"minecraft:walk_one_cm":29633,"minecraft:deaths":1,"minecraft:sneak_time":435,"minecraft:total_world_time":24619,"minecraft:fall_one_cm":2839,"minecraft:fly_one_cm":7019}},"DataVersion":3465}