{"stats":{"minecraft:killed_by":{"minecraft:pillager":1},"minecraft:killed":{"alexsmobs:lobster":1,"minecraft:pig":1,"minecraft:sheep":5,"minecraft:skeleton":9,"minecraft:zombie":2,"minecraft:cow":4},"minecraft:crafted":{"minecraft:cooked_porkchop":3,"minecraft:crafting_table":1,"minecraft:spruce_planks":44,"minecraft:wooden_pickaxe":1,"minecraft:iron_sword":1,"minecraft:furnace":3,"minecraft:bone_meal":21,"minecraft:stone_axe":1,"minecraft:cooked_mutton":7,"minecraft:air":0,"minecraft:iron_boots":1,"minecraft:iron_chestplate":1,"minecraft:charcoal":3,"minecraft:shield":1,"minecraft:stick":16,"minecraft:iron_ingot":26,"minecraft:iron_pickaxe":1,"minecraft:stone_pickaxe":1,"minecraft:stone_sword":1,"minecraft:iron_leggings":1,"minecraft:white_bed":1,"minecraft:torch":12},"minecraft:picked_up":{"minecraft:charcoal":1,"minecraft:crafting_table":2,"minecraft:cooked_beef":6,"minecraft:leather":2,"minecraft:cobblestone_stairs":1,"minecraft:dirt":26,"minecraft:red_carpet":1,"minecraft:bone":27,"minecraft:stone_bricks":5,"minecraft:bow":1,"minecraft:wheat_seeds":2,"minecraft:gold_nugget":1,"minecraft:beef":6,"minecraft:cobblestone_slab":1,"minecraft:mossy_stone_bricks":5,"immersive_weathering:tallow":1,"minecraft:furnace":3,"minecraft:raw_iron":26,"minecraft:emerald_block":6,"minecraft:oak_fence":2,"minecraft:stone_brick_slab":6,"minecraft:porkchop":3,"minecraft:stripped_spruce_log":3,"minecraft:white_bed":1,"minecraft:spruce_log":13,"immersive_weathering:permafrost":11,"minecraft:stone_sword":1,"minecraft:arrow":10,"minecraft:rotten_flesh":2,"minecraft:soul_lantern":1,"minecraft:dark_oak_wood":1,"minecraft:mutton":7,"minecraft:coal":23,"minecraft:white_wool":5,"minecraft:cobblestone":49},"minecraft:used":{"minecraft:cooked_mutton":5,"minecraft:mossy_stone_bricks":5,"minecraft:stone_sword":38,"minecraft:cobblestone_stairs":1,"minecraft:snow_block":1,"minecraft:stone_pickaxe":130,"minecraft:spruce_planks":4,"minecraft:wooden_pickaxe":20,"minecraft:shield":48,"minecraft:iron_sword":25,"minecraft:rotten_flesh":2,"minecraft:iron_chestplate":1,"minecraft:white_wool":2,"minecraft:torch":5,"farmersdelight:onion":22,"minecraft:dirt":26,"minecraft:crafting_table":2,"minecraft:white_bed":1,"minecraft:stripped_spruce_log":1,"minecraft:stone_brick_slab":3,"minecraft:iron_pickaxe":25,"minecraft:iron_boots":1,"minecraft:stone_bricks":5,"minecraft:soul_lantern":1,"minecraft:stone_axe":1,"minecraft:cobblestone":17,"minecraft:sweet_berries":15,"immersive_weathering:permafrost":9,"minecraft:furnace":5,"minecraft:cooked_porkchop":1,"minecraft:cooked_beef":5,"minecraft:experience_bottle":1,"minecraft:iron_leggings":1},"minecraft:dropped":{"minecraft:cooked_porkchop":2,"minecraft:cooked_mutton":2,"farmersdelight:onion":3,"minecraft:wooden_pickaxe":1,"immersive_weathering:permafrost":2},"minecraft:custom":{"minecraft:interact_with_furnace":27,"minecraft:mob_kills":25,"minecraft:interact_with_crafting_table":24,"minecraft:open_barrel":5,"minecraft:leave_game":20,"minecraft:time_since_death":22711,"minecraft:sleep_in_bed":2,"minecraft:climb_one_cm":152,"minecraft:time_since_rest":10791,"minecraft:sprint_one_cm":116628,"minecraft:damage_taken":4176,"minecraft:walk_one_cm":277713,"minecraft:damage_blocked_by_shield":3030,"minecraft:drop":10,"minecraft:damage_dealt":2469,"minecraft:swim_one_cm":6358,"minecraft:fly_one_cm":58512,"minecraft:open_chest":3,"minecraft:play_time":109407,"minecraft:crouch_one_cm":1996,"minecraft:sneak_time":1322,"minecraft:deaths":6,"minecraft:walk_under_water_one_cm":10315,"minecraft:jump":1031,"minecraft:walk_on_water_one_cm":7986,"minecraft:total_world_time":109407,"minecraft:fall_one_cm":20935},"minecraft:mined":{"minecraft:podzol":2,"minecraft:red_carpet":1,"minecraft:white_bed":1,"minecraft:cobblestone_stairs":1,"minecraft:stone_brick_slab":16,"minecraft:soul_lantern":2,"minecraft:crafting_table":2,"minecraft:dark_oak_wood":1,"minecraft:grass_block":5,"biomesoplenty:snowblossom_leaves":1,"minecraft:cobblestone":7,"minecraft:spruce_leaves":30,"immersive_weathering:frosty_fern":1,"minecraft:spawner":2,"immersive_weathering:permafrost":8,"minecraft:furnace":4,"minecraft:iron_ore":18,"minecraft:sweet_berry_bush":2,"minecraft:spruce_log":9,"minecraft:stripped_spruce_log":2,"minecraft:coal_ore":22,"minecraft:deepslate_iron_ore":8,"minecraft:cobblestone_slab":1,"minecraft:dirt":17,"minecraft:cobweb":1,"minecraft:cracked_stone_bricks":1,"minecraft:stone_bricks":15,"minecraft:stone":49,"minecraft:mossy_stone_bricks":8,"minecraft:emerald_block":6,"minecraft:fern":1},"minecraft:broken":{"minecraft:stone_pickaxe":1,"minecraft:shield":1}},"DataVersion":3465}