{"stats":{"minecraft:broken":{"minecraft:stone_pickaxe":1,"minecraft:shield":1},"minecraft:picked_up":{"minecraft:charcoal":1,"minecraft:crafting_table":2,"minecraft:flower_pot":1,"minecraft:diamond_horse_armor":1,"minecraft:gilded_blackstone":1,"minecraft:shield":2,"minecraft:string":2,"minecraft:gold_nugget":1,"minecraft:beef":9,"minecraft:cobblestone_slab":1,"minecraft:poppy":3,"minecraft:chest":1,"minecraft:furnace":4,"minecraft:tipped_arrow":4,"minecraft:stick":2,"minecraft:raw_iron":39,"minecraft:oak_fence":2,"minecraft:porkchop":3,"minecraft:carrot":10,"immersive_weathering:permafrost":11,"minecraft:dark_oak_planks":10,"minecraft:tnt":4,"minecraft:stone_sword":1,"minecraft:arrow":11,"minecraft:rotten_flesh":9,"minecraft:mutton":13,"minecraft:white_wool":10,"minecraft:cobblestone":52,"relics:roller_skates":1,"minecraft:leather_chestplate":1,"minecraft:cooked_beef":6,"relics:holy_locket":1,"minecraft:leather":3,"travelersbackpack:red_sleeping_bag":1,"minecraft:smoker":2,"minecraft:potato":77,"alexsmobs:bear_fur":2,"anthropology_items__structures:hunters_machete":2,"minecraft:cobblestone_stairs":1,"rustic_engineer:book_airship":1,"minecraft:lapis_lazuli":65,"minecraft:dirt":32,"minecraft:red_carpet":1,"minecraft:bone":37,"minecraft:stone_bricks":6,"minecraft:bow":2,"minecraft:wheat_seeds":6,"rustic_engineer:book_dragon_fly":2,"minecraft:mossy_stone_bricks":5,"minecraft:iron_sword":1,"immersive_weathering:tallow":1,"rustic_engineer:book_abyssal_submarine":1,"minecraft:emerald_block":12,"minecraft:sweet_berries":4,"minecraft:stone_brick_slab":7,"minecraft:sand":19,"minecraft:stripped_spruce_log":8,"minecraft:spruce_sapling":1,"minecraft:white_bed":2,"minecraft:spruce_log":149,"minecraft:black_concrete_powder":3,"minecraft:diamond":6,"minecraft:soul_lantern":1,"minecraft:emerald":3,"minecraft:bread":3,"minecraft:baked_potato":5,"minecraft:oak_sapling":1,"minecraft:dark_oak_wood":1,"minecraft:coal":23},"minecraft:killed_by":{"minecraft:pillager":1},"minecraft:custom":{"minecraft:mob_kills":34,"minecraft:interact_with_crafting_table":43,"minecraft:open_barrel":13,"minecraft:leave_game":22,"minecraft:time_since_death":968,"minecraft:climb_one_cm":5697,"minecraft:sprint_one_cm":518997,"minecraft:walk_one_cm":574744,"minecraft:damage_blocked_by_shield":5110,"minecraft:drop":44,"minecraft:play_time":211226,"minecraft:sneak_time":2374,"minecraft:deaths":13,"minecraft:walk_under_water_one_cm":13939,"minecraft:jump":2249,"minecraft:walk_on_water_one_cm":17321,"minecraft:total_world_time":211226,"minecraft:interact_with_furnace":37,"minecraft:sleep_in_bed":5,"minecraft:time_since_rest":760,"minecraft:damage_taken":6781,"minecraft:damage_dealt":3758,"minecraft:swim_one_cm":24979,"minecraft:fly_one_cm":258510,"minecraft:open_chest":40,"minecraft:crouch_one_cm":3603,"minecraft:interact_with_smoker":26,"minecraft:fall_one_cm":57632,"minecraft:inspect_dispenser":3},"minecraft:used":{"minecraft:stone_sword":38,"minecraft:spruce_planks":7,"minecraft:shield":82,"minecraft:iron_sword":54,"minecraft:rotten_flesh":2,"minecraft:iron_chestplate":1,"minecraft:torch":10,"minecraft:dirt":32,"minecraft:stripped_spruce_log":1,"minecraft:stone_brick_slab":3,"minecraft:iron_helmet":1,"minecraft:iron_boots":1,"minecraft:stone_bricks":6,"travelersbackpack:red_sleeping_bag":1,"minecraft:bow":6,"immersive_weathering:permafrost":9,"minecraft:sweet_berries":15,"minecraft:furnace":5,"minecraft:cooked_beef":5,"minecraft:iron_leggings":1,"minecraft:cooked_mutton":5,"minecraft:water_bucket":3,"minecraft:mossy_stone_bricks":5,"minecraft:cobblestone_stairs":1,"minecraft:snow_block":1,"minecraft:baked_potato":26,"minecraft:stone_pickaxe":130,"minecraft:wooden_pickaxe":20,"minecraft:white_wool":2,"farmersdelight:onion":22,"minecraft:crafting_table":3,"minecraft:white_bed":2,"minecraft:spruce_log":8,"minecraft:iron_pickaxe":61,"minecraft:soul_lantern":1,"minecraft:stone_axe":14,"minecraft:cobblestone":20,"travelersbackpack:standard":1,"minecraft:cooked_porkchop":1,"minecraft:bucket":3,"minecraft:bone_meal":51,"minecraft:experience_bottle":1},"minecraft:crafted":{"minecraft:furnace":3,"minecraft:bone_meal":51,"minecraft:cooked_mutton":7,"minecraft:glass":15,"minecraft:iron_boots":1,"minecraft:stone_pickaxe":1,"minecraft:red_dye":2,"minecraft:cooked_porkchop":3,"minecraft:crafting_table":2,"minecraft:spruce_planks":88,"minecraft:iron_helmet":1,"travelersbackpack:backpack_tank":2,"minecraft:baked_potato":72,"minecraft:wooden_pickaxe":1,"travelersbackpack:standard":1,"minecraft:iron_sword":1,"minecraft:red_wool":2,"minecraft:stone_axe":1,"minecraft:air":0,"travelersbackpack:red_sleeping_bag":1,"minecraft:iron_chestplate":1,"minecraft:charcoal":3,"minecraft:shield":1,"minecraft:stick":16,"minecraft:iron_ingot":26,"minecraft:iron_pickaxe":1,"minecraft:stone_sword":1,"minecraft:iron_leggings":1,"minecraft:white_bed":1,"minecraft:torch":12},"minecraft:dropped":{"minecraft:iron_ingot":12,"minecraft:iron_sword":1,"minecraft:wheat_seeds":6,"minecraft:baked_potato":4,"minecraft:crafting_table":1,"minecraft:cooked_porkchop":2,"minecraft:oak_fence":2,"minecraft:red_carpet":1,"farmersdelight:onion":3,"minecraft:gold_nugget":1,"immersive_weathering:permafrost":2,"minecraft:string":4,"minecraft:stone_brick_slab":3,"minecraft:snow_block":1,"minecraft:sweet_berries":2,"minecraft:stone_sword":1,"minecraft:smoker":2,"minecraft:cooked_mutton":2,"supplementaries:flax_seeds":8,"minecraft:cobblestone_slab":1,"minecraft:tipped_arrow":2,"minecraft:flower_pot":1,"minecraft:black_concrete_powder":1,"minecraft:oak_sapling":1,"minecraft:iron_bars":12,"minecraft:wooden_pickaxe":1},"minecraft:killed":{"alexsmobs:lobster":1,"minecraft:witch":1,"minecraft:spider":1,"minecraft:skeleton":9,"minecraft:pig":1,"alexsmobs:grizzly_bear":2,"minecraft:sheep":7,"minecraft:zombie":2,"minecraft:cow":5},"minecraft:mined":{"minecraft:dark_oak_planks":10,"minecraft:red_carpet":1,"minecraft:white_bed":2,"minecraft:cobblestone_stairs":1,"travelersbackpack:red_sleeping_bag":1,"minecraft:grass_block":11,"minecraft:spruce_leaves":35,"minecraft:gilded_blackstone":2,"minecraft:spawner":2,"minecraft:large_fern":1,"minecraft:furnace":4,"minecraft:carrots":2,"minecraft:iron_ore":31,"minecraft:stripped_spruce_log":2,"minecraft:deepslate_lapis_ore":10,"minecraft:gold_block":1,"minecraft:deepslate_iron_ore":8,"minecraft:cobblestone_slab":1,"minecraft:stone":52,"minecraft:white_wool":3,"minecraft:podzol":2,"minecraft:smoker":2,"immersive_weathering:spruce_leaf_pile":1,"minecraft:stone_brick_slab":17,"minecraft:soul_lantern":2,"minecraft:crafting_table":2,"minecraft:dark_oak_wood":1,"minecraft:poppy":3,"biomesoplenty:snowblossom_leaves":1,"minecraft:chest":1,"minecraft:tall_grass":3,"minecraft:cobblestone":7,"minecraft:potted_oak_sapling":1,"immersive_weathering:frosty_fern":1,"immersive_weathering:permafrost":8,"minecraft:black_concrete_powder":1,"minecraft:sweet_berry_bush":2,"minecraft:spruce_log":9,"minecraft:birch_leaves":2,"minecraft:tnt":2,"minecraft:wither_rose":6,"minecraft:grass":2,"minecraft:coal_ore":22,"minecraft:gravel":1,"minecraft:sand":15,"minecraft:dirt":18,"minecraft:cobweb":1,"minecraft:cracked_stone_bricks":1,"minecraft:stone_bricks":16,"minecraft:mossy_stone_bricks":8,"minecraft:emerald_block":6,"minecraft:fern":1}},"DataVersion":3465}