{"stats":{"minecraft:custom":{"minecraft:jump":64,"minecraft:open_chest":2,"minecraft:time_since_rest":5587,"minecraft:damage_taken":90,"minecraft:leave_game":1,"minecraft:time_since_death":5587,"minecraft:play_time":5587,"minecraft:sprint_one_cm":20119,"minecraft:walk_one_cm":21531,"minecraft:total_world_time":5587,"minecraft:interact_with_crafting_table":1,"minecraft:fall_one_cm":4281,"minecraft:fly_one_cm":12299},"minecraft:picked_up":{"minecraft:oak_log":1},"minecraft:used":{"minecraft:crafting_table":1},"minecraft:crafted":{"minecraft:crafting_table":1,"minecraft:oak_planks":4},"minecraft:mined":{"minecraft:grass":1,"minecraft:oak_log":1}},"DataVersion":3465}