{"stats":{"minecraft:killed_by":{"minecraft:pillager":1},"minecraft:mined":{"biomesoplenty:snowblossom_leaves":1},"minecraft:custom":{"minecraft:jump":130,"minecraft:time_since_rest":13509,"minecraft:damage_dealt":20,"minecraft:damage_taken":925,"minecraft:crouch_one_cm":189,"minecraft:leave_game":6,"minecraft:play_time":19516,"minecraft:sprint_one_cm":3675,"minecraft:time_since_death":13357,"minecraft:walk_one_cm":16350,"minecraft:deaths":1,"minecraft:sneak_time":358,"minecraft:total_world_time":19516,"minecraft:fall_one_cm":1884,"minecraft:fly_one_cm":2777}},"DataVersion":3465}