{"stats":{"minecraft:killed_by":{"minecraft:pillager":1},"minecraft:killed":{"alexsmobs:lobster":1,"minecraft:skeleton":9,"minecraft:pig":1,"alexsmobs:grizzly_bear":2,"minecraft:sheep":7,"minecraft:zombie":2,"minecraft:cow":5},"minecraft:crafted":{"minecraft:furnace":3,"minecraft:bone_meal":51,"minecraft:cooked_mutton":7,"minecraft:iron_boots":1,"minecraft:stone_pickaxe":1,"minecraft:cooked_porkchop":3,"minecraft:crafting_table":1,"minecraft:spruce_planks":44,"minecraft:wooden_pickaxe":1,"minecraft:baked_potato":72,"minecraft:iron_helmet":1,"minecraft:iron_sword":1,"minecraft:stone_axe":1,"minecraft:air":0,"minecraft:iron_chestplate":1,"minecraft:charcoal":3,"minecraft:shield":1,"minecraft:stick":16,"minecraft:iron_ingot":26,"minecraft:iron_pickaxe":1,"minecraft:stone_sword":1,"minecraft:iron_leggings":1,"minecraft:white_bed":1,"minecraft:torch":12},"minecraft:picked_up":{"minecraft:charcoal":1,"minecraft:crafting_table":2,"minecraft:flower_pot":1,"minecraft:shield":1,"minecraft:gold_nugget":1,"minecraft:beef":9,"minecraft:cobblestone_slab":1,"minecraft:furnace":3,"minecraft:raw_iron":26,"minecraft:stick":2,"minecraft:oak_fence":2,"minecraft:porkchop":3,"minecraft:carrot":5,"immersive_weathering:permafrost":11,"minecraft:stone_sword":1,"minecraft:arrow":10,"minecraft:rotten_flesh":2,"minecraft:mutton":10,"minecraft:white_wool":7,"minecraft:cobblestone":49,"minecraft:cooked_beef":6,"minecraft:leather":2,"minecraft:smoker":2,"alexsmobs:bear_fur":2,"minecraft:potato":77,"minecraft:cobblestone_stairs":1,"minecraft:dirt":26,"minecraft:red_carpet":1,"minecraft:bone":27,"minecraft:stone_bricks":5,"minecraft:bow":1,"minecraft:wheat_seeds":2,"minecraft:mossy_stone_bricks":5,"immersive_weathering:tallow":1,"minecraft:emerald_block":6,"minecraft:sweet_berries":2,"minecraft:stone_brick_slab":6,"minecraft:stripped_spruce_log":8,"minecraft:spruce_sapling":1,"minecraft:white_bed":1,"minecraft:spruce_log":145,"minecraft:soul_lantern":1,"minecraft:baked_potato":5,"minecraft:oak_sapling":1,"minecraft:coal":23,"minecraft:dark_oak_wood":1},"minecraft:used":{"minecraft:stone_sword":38,"minecraft:spruce_planks":4,"minecraft:shield":48,"minecraft:iron_sword":44,"minecraft:rotten_flesh":2,"minecraft:iron_chestplate":1,"minecraft:torch":5,"minecraft:dirt":26,"minecraft:stripped_spruce_log":1,"minecraft:stone_brick_slab":3,"minecraft:iron_helmet":1,"minecraft:iron_boots":1,"minecraft:stone_bricks":5,"minecraft:bow":6,"immersive_weathering:permafrost":9,"minecraft:sweet_berries":15,"minecraft:furnace":5,"minecraft:cooked_beef":5,"minecraft:iron_leggings":1,"minecraft:cooked_mutton":5,"minecraft:mossy_stone_bricks":5,"minecraft:cobblestone_stairs":1,"minecraft:snow_block":1,"minecraft:stone_pickaxe":130,"minecraft:baked_potato":7,"minecraft:wooden_pickaxe":20,"minecraft:white_wool":2,"farmersdelight:onion":22,"minecraft:crafting_table":2,"minecraft:white_bed":1,"minecraft:spruce_log":4,"minecraft:iron_pickaxe":28,"minecraft:soul_lantern":1,"minecraft:stone_axe":2,"minecraft:cobblestone":17,"minecraft:cooked_porkchop":1,"minecraft:bone_meal":51,"minecraft:experience_bottle":1},"minecraft:broken":{"minecraft:stone_pickaxe":1,"minecraft:shield":1},"minecraft:custom":{"minecraft:mob_kills":31,"minecraft:interact_with_crafting_table":27,"minecraft:open_barrel":11,"minecraft:leave_game":20,"minecraft:time_since_death":8511,"minecraft:climb_one_cm":152,"minecraft:sprint_one_cm":264292,"minecraft:walk_one_cm":377223,"minecraft:damage_blocked_by_shield":3030,"minecraft:drop":32,"minecraft:play_time":143726,"minecraft:deaths":10,"minecraft:sneak_time":1360,"minecraft:walk_under_water_one_cm":10364,"minecraft:jump":1396,"minecraft:walk_on_water_one_cm":8731,"minecraft:total_world_time":143726,"minecraft:interact_with_furnace":27,"minecraft:sleep_in_bed":2,"minecraft:time_since_rest":1158,"minecraft:damage_taken":5277,"minecraft:damage_dealt":3245,"minecraft:swim_one_cm":11687,"minecraft:fly_one_cm":142462,"minecraft:open_chest":11,"minecraft:crouch_one_cm":1996,"minecraft:interact_with_smoker":26,"minecraft:fall_one_cm":37211},"minecraft:mined":{"minecraft:red_carpet":1,"minecraft:white_bed":1,"minecraft:cobblestone_stairs":1,"minecraft:grass_block":5,"minecraft:spruce_leaves":34,"minecraft:spawner":2,"minecraft:large_fern":1,"minecraft:furnace":4,"minecraft:carrots":2,"minecraft:iron_ore":18,"minecraft:stripped_spruce_log":2,"minecraft:cobblestone_slab":1,"minecraft:deepslate_iron_ore":8,"minecraft:stone":49,"minecraft:podzol":2,"minecraft:smoker":2,"immersive_weathering:spruce_leaf_pile":1,"minecraft:stone_brick_slab":16,"minecraft:soul_lantern":2,"minecraft:crafting_table":2,"minecraft:dark_oak_wood":1,"biomesoplenty:snowblossom_leaves":1,"minecraft:tall_grass":1,"minecraft:cobblestone":7,"minecraft:potted_oak_sapling":1,"immersive_weathering:frosty_fern":1,"immersive_weathering:permafrost":8,"minecraft:sweet_berry_bush":2,"minecraft:spruce_log":9,"minecraft:birch_leaves":2,"minecraft:coal_ore":22,"minecraft:dirt":17,"minecraft:cobweb":1,"minecraft:cracked_stone_bricks":1,"minecraft:stone_bricks":15,"minecraft:mossy_stone_bricks":8,"minecraft:emerald_block":6,"minecraft:fern":1},"minecraft:dropped":{"minecraft:iron_ingot":12,"minecraft:wheat_seeds":2,"minecraft:baked_potato":4,"minecraft:cooked_porkchop":2,"minecraft:oak_fence":2,"minecraft:red_carpet":1,"farmersdelight:onion":3,"immersive_weathering:permafrost":2,"minecraft:stone_brick_slab":3,"minecraft:snow_block":1,"minecraft:stone_sword":1,"minecraft:cooked_mutton":2,"supplementaries:flax_seeds":8,"minecraft:cobblestone_slab":1,"minecraft:flower_pot":1,"minecraft:wooden_pickaxe":1}},"DataVersion":3465}