{"stats":{"minecraft:killed_by":{"minecraft:pillager":1},"minecraft:killed":{"alexsmobs:lobster":1,"minecraft:zombie":1},"minecraft:crafted":{"minecraft:charcoal":3,"minecraft:crafting_table":1,"minecraft:spruce_planks":20,"minecraft:stick":12,"minecraft:wooden_pickaxe":1,"minecraft:stone_pickaxe":1,"minecraft:stone_sword":1,"minecraft:furnace":1,"minecraft:torch":12},"minecraft:picked_up":{"minecraft:charcoal":1,"minecraft:crafting_table":1,"minecraft:oak_fence":2,"minecraft:stripped_spruce_log":3,"minecraft:spruce_log":13,"immersive_weathering:permafrost":11,"minecraft:dirt":20,"minecraft:bone":2,"minecraft:soul_lantern":1,"minecraft:gold_nugget":1,"minecraft:cobblestone":41,"minecraft:furnace":1},"minecraft:used":{"minecraft:stone_sword":7,"minecraft:snow_block":1,"minecraft:stone_pickaxe":39,"minecraft:spruce_planks":4,"minecraft:wooden_pickaxe":20,"minecraft:soul_lantern":1,"farmersdelight:onion":22,"minecraft:dirt":20,"minecraft:sweet_berries":15,"minecraft:furnace":1,"minecraft:experience_bottle":1},"minecraft:dropped":{"farmersdelight:onion":3},"minecraft:mined":{"immersive_weathering:permafrost":8,"minecraft:furnace":1,"minecraft:sweet_berry_bush":2,"minecraft:spruce_log":9,"minecraft:soul_lantern":1,"minecraft:stripped_spruce_log":2,"minecraft:crafting_table":1,"minecraft:grass_block":4,"biomesoplenty:snowblossom_leaves":1,"minecraft:dirt":14,"minecraft:cracked_stone_bricks":1,"minecraft:spruce_leaves":30,"minecraft:stone_bricks":1,"minecraft:stone":45,"minecraft:mossy_stone_bricks":1,"immersive_weathering:frosty_fern":1},"minecraft:custom":{"minecraft:time_since_rest":9466,"minecraft:interact_with_furnace":3,"minecraft:sprint_one_cm":24776,"minecraft:damage_taken":1960,"minecraft:walk_one_cm":136699,"minecraft:mob_kills":2,"minecraft:drop":3,"minecraft:damage_dealt":270,"minecraft:swim_one_cm":1755,"minecraft:interact_with_crafting_table":8,"minecraft:fly_one_cm":13363,"minecraft:open_chest":3,"minecraft:crouch_one_cm":572,"minecraft:play_time":55498,"minecraft:sneak_time":471,"minecraft:deaths":2,"minecraft:walk_under_water_one_cm":8375,"minecraft:jump":423,"minecraft:leave_game":9,"minecraft:walk_on_water_one_cm":4213,"minecraft:time_since_death":9435,"minecraft:total_world_time":55498,"minecraft:fall_one_cm":8712}},"DataVersion":3465}