{"stats":{"minecraft:killed_by":{"minecraft:pillager":1},"minecraft:killed":{"minecraft:zombie":1},"minecraft:crafted":{"minecraft:charcoal":3,"minecraft:crafting_table":1,"minecraft:spruce_planks":20,"minecraft:stick":12,"minecraft:wooden_pickaxe":1,"minecraft:stone_pickaxe":1,"minecraft:stone_sword":1,"minecraft:furnace":1,"minecraft:torch":12},"minecraft:picked_up":{"minecraft:charcoal":1,"minecraft:crafting_table":1,"minecraft:oak_fence":2,"minecraft:stripped_spruce_log":3,"minecraft:spruce_log":13,"immersive_weathering:permafrost":11,"minecraft:dirt":17,"minecraft:bone":2,"minecraft:soul_lantern":1,"minecraft:gold_nugget":1,"minecraft:cobblestone":19,"minecraft:furnace":1},"minecraft:used":{"minecraft:stone_sword":5,"minecraft:snow_block":1,"minecraft:stone_pickaxe":13,"minecraft:spruce_planks":4,"minecraft:wooden_pickaxe":20,"farmersdelight:onion":22,"minecraft:dirt":13,"minecraft:sweet_berries":15,"minecraft:furnace":1,"minecraft:experience_bottle":1},"minecraft:dropped":{"farmersdelight:onion":3},"minecraft:mined":{"immersive_weathering:permafrost":8,"minecraft:furnace":1,"minecraft:sweet_berry_bush":2,"minecraft:spruce_log":9,"minecraft:soul_lantern":1,"minecraft:stripped_spruce_log":2,"minecraft:crafting_table":1,"minecraft:grass_block":4,"biomesoplenty:snowblossom_leaves":1,"minecraft:dirt":11,"minecraft:cracked_stone_bricks":1,"minecraft:spruce_leaves":30,"minecraft:stone_bricks":1,"minecraft:stone":19,"minecraft:mossy_stone_bricks":1,"immersive_weathering:frosty_fern":1},"minecraft:custom":{"minecraft:time_since_rest":37491,"minecraft:interact_with_furnace":3,"minecraft:sprint_one_cm":20524,"minecraft:damage_taken":1360,"minecraft:walk_one_cm":101419,"minecraft:mob_kills":1,"minecraft:drop":3,"minecraft:damage_dealt":220,"minecraft:interact_with_crafting_table":8,"minecraft:fly_one_cm":10461,"minecraft:open_chest":3,"minecraft:crouch_one_cm":572,"minecraft:play_time":43498,"minecraft:sneak_time":435,"minecraft:deaths":1,"minecraft:jump":366,"minecraft:leave_game":9,"minecraft:time_since_death":37339,"minecraft:total_world_time":43498,"minecraft:fall_one_cm":7943}},"DataVersion":3465}