{"stats":{"minecraft:killed_by":{"minecraft:pillager":1},"minecraft:killed":{"minecraft:sheep":5,"alexsmobs:lobster":1,"minecraft:zombie":1,"minecraft:pig":1,"minecraft:cow":4},"minecraft:crafted":{"minecraft:cooked_porkchop":3,"minecraft:charcoal":3,"minecraft:crafting_table":1,"minecraft:stick":12,"minecraft:spruce_planks":20,"minecraft:wooden_pickaxe":1,"minecraft:stone_pickaxe":1,"minecraft:stone_sword":1,"minecraft:furnace":1,"minecraft:torch":12,"minecraft:air":0},"minecraft:picked_up":{"minecraft:charcoal":1,"minecraft:crafting_table":1,"minecraft:leather":2,"minecraft:oak_fence":2,"minecraft:porkchop":3,"minecraft:stripped_spruce_log":3,"minecraft:spruce_log":13,"immersive_weathering:permafrost":11,"minecraft:dirt":20,"minecraft:bone":2,"minecraft:gold_nugget":1,"minecraft:soul_lantern":1,"minecraft:beef":6,"minecraft:white_wool":5,"minecraft:mutton":7,"immersive_weathering:tallow":1,"minecraft:cobblestone":41,"minecraft:furnace":1},"minecraft:used":{"minecraft:stone_sword":27,"minecraft:snow_block":1,"minecraft:stone_pickaxe":42,"minecraft:spruce_planks":4,"minecraft:wooden_pickaxe":20,"minecraft:soul_lantern":1,"farmersdelight:onion":22,"minecraft:dirt":20,"minecraft:sweet_berries":15,"minecraft:furnace":2,"minecraft:cooked_porkchop":1,"minecraft:experience_bottle":1},"minecraft:dropped":{"minecraft:cooked_porkchop":2,"farmersdelight:onion":3},"minecraft:mined":{"immersive_weathering:permafrost":8,"minecraft:furnace":2,"minecraft:sweet_berry_bush":2,"minecraft:spruce_log":9,"minecraft:stripped_spruce_log":2,"minecraft:soul_lantern":2,"minecraft:crafting_table":1,"minecraft:grass_block":4,"biomesoplenty:snowblossom_leaves":1,"minecraft:dirt":14,"minecraft:cracked_stone_bricks":1,"minecraft:spruce_leaves":30,"minecraft:stone":45,"minecraft:stone_bricks":1,"minecraft:mossy_stone_bricks":1,"immersive_weathering:frosty_fern":1},"minecraft:custom":{"minecraft:time_since_rest":8135,"minecraft:interact_with_furnace":8,"minecraft:sprint_one_cm":50706,"minecraft:damage_taken":2720,"minecraft:walk_one_cm":167994,"minecraft:mob_kills":12,"minecraft:drop":5,"minecraft:damage_dealt":1204,"minecraft:swim_one_cm":6358,"minecraft:interact_with_crafting_table":8,"minecraft:fly_one_cm":38446,"minecraft:open_chest":3,"minecraft:crouch_one_cm":572,"minecraft:play_time":67341,"minecraft:deaths":5,"minecraft:sneak_time":471,"minecraft:walk_under_water_one_cm":8942,"minecraft:jump":723,"minecraft:leave_game":10,"minecraft:time_since_death":8106,"minecraft:walk_on_water_one_cm":4666,"minecraft:total_world_time":67341,"minecraft:fall_one_cm":12148}},"DataVersion":3465}