{"stats":{"minecraft:killed_by":{"minecraft:pillager":1},"minecraft:killed":{"alexsmobs:lobster":1,"minecraft:pig":1,"minecraft:sheep":5,"minecraft:skeleton":2,"minecraft:zombie":1,"minecraft:cow":4},"minecraft:crafted":{"minecraft:cooked_porkchop":3,"minecraft:crafting_table":1,"minecraft:spruce_planks":44,"minecraft:wooden_pickaxe":1,"minecraft:iron_sword":1,"minecraft:furnace":3,"minecraft:stone_axe":1,"minecraft:cooked_mutton":7,"minecraft:air":0,"minecraft:iron_boots":1,"minecraft:iron_chestplate":1,"minecraft:charcoal":3,"minecraft:shield":1,"minecraft:stick":16,"minecraft:iron_ingot":26,"minecraft:iron_pickaxe":1,"minecraft:stone_pickaxe":1,"minecraft:stone_sword":1,"minecraft:iron_leggings":1,"minecraft:white_bed":1,"minecraft:torch":12},"minecraft:picked_up":{"minecraft:charcoal":1,"minecraft:crafting_table":2,"minecraft:cooked_beef":6,"minecraft:leather":2,"minecraft:dirt":20,"minecraft:bone":4,"minecraft:stone_bricks":3,"minecraft:gold_nugget":1,"minecraft:beef":6,"minecraft:mossy_stone_bricks":2,"immersive_weathering:tallow":1,"minecraft:furnace":3,"minecraft:raw_iron":26,"minecraft:oak_fence":2,"minecraft:stone_brick_slab":6,"minecraft:porkchop":3,"minecraft:stripped_spruce_log":3,"minecraft:spruce_log":13,"minecraft:white_bed":1,"immersive_weathering:permafrost":11,"minecraft:soul_lantern":1,"minecraft:mutton":7,"minecraft:coal":23,"minecraft:white_wool":5,"minecraft:cobblestone":45},"minecraft:used":{"minecraft:cooked_mutton":4,"minecraft:stone_sword":38,"minecraft:snow_block":1,"minecraft:stone_pickaxe":122,"minecraft:spruce_planks":4,"minecraft:wooden_pickaxe":20,"minecraft:shield":1,"minecraft:iron_sword":2,"minecraft:iron_chestplate":1,"minecraft:torch":1,"farmersdelight:onion":22,"minecraft:dirt":20,"minecraft:crafting_table":2,"minecraft:white_bed":1,"minecraft:stripped_spruce_log":1,"minecraft:iron_boots":1,"minecraft:soul_lantern":1,"minecraft:stone_axe":1,"minecraft:cobblestone":13,"minecraft:sweet_berries":15,"immersive_weathering:permafrost":9,"minecraft:furnace":5,"minecraft:cooked_porkchop":1,"minecraft:cooked_beef":4,"minecraft:experience_bottle":1,"minecraft:iron_leggings":1},"minecraft:dropped":{"minecraft:cooked_porkchop":2,"farmersdelight:onion":3,"minecraft:wooden_pickaxe":1},"minecraft:mined":{"minecraft:white_bed":1,"minecraft:stone_brick_slab":16,"minecraft:soul_lantern":2,"minecraft:crafting_table":2,"minecraft:grass_block":4,"biomesoplenty:snowblossom_leaves":1,"minecraft:spruce_leaves":30,"immersive_weathering:frosty_fern":1,"immersive_weathering:permafrost":8,"minecraft:furnace":4,"minecraft:iron_ore":18,"minecraft:sweet_berry_bush":2,"minecraft:spruce_log":9,"minecraft:stripped_spruce_log":2,"minecraft:coal_ore":22,"minecraft:deepslate_iron_ore":8,"minecraft:dirt":14,"minecraft:cracked_stone_bricks":1,"minecraft:stone":49,"minecraft:stone_bricks":7,"minecraft:mossy_stone_bricks":5},"minecraft:custom":{"minecraft:interact_with_furnace":27,"minecraft:mob_kills":14,"minecraft:interact_with_crafting_table":24,"minecraft:leave_game":16,"minecraft:time_since_death":3798,"minecraft:sleep_in_bed":1,"minecraft:time_since_rest":4032,"minecraft:sprint_one_cm":101393,"minecraft:damage_taken":3437,"minecraft:walk_one_cm":220081,"minecraft:damage_blocked_by_shield":105,"minecraft:drop":6,"minecraft:damage_dealt":1723,"minecraft:swim_one_cm":6358,"minecraft:fly_one_cm":55864,"minecraft:open_chest":3,"minecraft:crouch_one_cm":1888,"minecraft:play_time":90494,"minecraft:deaths":6,"minecraft:sneak_time":1247,"minecraft:walk_under_water_one_cm":8942,"minecraft:jump":944,"minecraft:walk_on_water_one_cm":5243,"minecraft:total_world_time":90494,"minecraft:fall_one_cm":16346}},"DataVersion":3465}