{"stats":{"minecraft:killed_by":{"minecraft:pillager":1},"minecraft:custom":{"minecraft:jump":126,"minecraft:time_since_rest":9016,"minecraft:damage_dealt":20,"minecraft:damage_taken":665,"minecraft:crouch_one_cm":189,"minecraft:leave_game":5,"minecraft:play_time":15023,"minecraft:sprint_one_cm":3675,"minecraft:time_since_death":8864,"minecraft:walk_one_cm":15204,"minecraft:deaths":1,"minecraft:sneak_time":358,"minecraft:total_world_time":15023,"minecraft:fall_one_cm":1228,"minecraft:fly_one_cm":2657}},"DataVersion":3465}