{"stats":{"minecraft:killed_by":{"minecraft:pillager":1},"minecraft:crafted":{"minecraft:crafting_table":1,"minecraft:spruce_planks":16},"minecraft:picked_up":{"minecraft:gold_nugget":1,"minecraft:stripped_spruce_log":3,"minecraft:spruce_log":6,"immersive_weathering:permafrost":1,"minecraft:dirt":15},"minecraft:used":{"farmersdelight:onion":8,"minecraft:dirt":13,"minecraft:snow_block":1,"minecraft:sweet_berries":15,"minecraft:spruce_planks":4,"minecraft:experience_bottle":1},"minecraft:mined":{"minecraft:grass_block":4,"biomesoplenty:snowblossom_leaves":1,"minecraft:dirt":11,"minecraft:sweet_berry_bush":2,"minecraft:spruce_leaves":30,"minecraft:spruce_log":9,"minecraft:stripped_spruce_log":2,"immersive_weathering:frosty_fern":1},"minecraft:custom":{"minecraft:open_chest":3,"minecraft:time_since_rest":28075,"minecraft:crouch_one_cm":572,"minecraft:play_time":34082,"minecraft:sprint_one_cm":16759,"minecraft:damage_taken":1025,"minecraft:deaths":1,"minecraft:walk_one_cm":69591,"minecraft:sneak_time":435,"minecraft:jump":322,"minecraft:damage_dealt":20,"minecraft:leave_game":9,"minecraft:time_since_death":27923,"minecraft:total_world_time":34082,"minecraft:fall_one_cm":6921,"minecraft:fly_one_cm":10061}},"DataVersion":3465}