{"stats":{"minecraft:killed":{"minecraft:sheep":3,"alexsmobs:lobster":7,"minecraft:zombie":1,"alexsmobs:banana_slug":1,"minecraft:chicken":3},"minecraft:crafted":{"alexsmobs:cooked_lobster_tail":3,"minecraft:crafting_table":2,"minecraft:spruce_planks":24,"minecraft:stick":4,"minecraft:wooden_pickaxe":1,"minecraft:stone_sword":1,"minecraft:furnace":1},"minecraft:picked_up":{"minecraft:feather":2,"minecraft:stick":2,"minecraft:chicken":3,"minecraft:cooked_porkchop":2,"farmersdelight:rice":3,"minecraft:oak_fence":4,"spelunkers_charm:old_miners_bundle":1,"supplementaries:flax_seeds":2,"minecraft:spruce_sapling":1,"minecraft:spruce_log":7,"travelersbackpack:gold_tier_upgrade":1,"minecraft:redstone":5,"immersive_weathering:permafrost":3,"rustic_engineer:book_airship":1,"minecraft:dirt":19,"minecraft:rotten_flesh":4,"minecraft:soul_lantern":1,"farmersdelight:onion":3,"minecraft:detector_rail":3,"minecraft:spruce_planks":2,"minecraft:black_wool":1,"alexsmobs:banana_slug_slime":2,"minecraft:mutton":4,"minecraft:powered_rail":2,"minecraft:white_wool":2,"supplementaries:rope":11,"minecraft:glow_berries":4,"alexsmobs:lobster_tail":4,"minecraft:cobblestone":15,"minecraft:coal":3,"minecraft:rail":6,"minecraft:iron_boots":1,"minecraft:furnace":1},"minecraft:used":{"minecraft:oak_fence":1,"minecraft:stone_sword":28,"alexsmobs:cooked_lobster_tail":3,"minecraft:spruce_planks":2,"minecraft:wooden_pickaxe":11,"minecraft:rotten_flesh":2,"farmersdelight:onion":3,"minecraft:glow_berries":4,"minecraft:dirt":6,"minecraft:crafting_table":2,"minecraft:cooked_porkchop":1,"minecraft:furnace":1},"minecraft:dropped":{"alexsmobs:lobster_tail":1},"minecraft:mined":{"immersive_weathering:permafrost":1,"minecraft:spruce_planks":2,"minecraft:spruce_log":69,"minecraft:oak_fence":3,"minecraft:grass":1,"minecraft:grass_block":1,"biomesoplenty:fir_leaves":2,"minecraft:dirt":20,"minecraft:spruce_leaves":602,"minecraft:stone":11,"minecraft:fern":1},"minecraft:custom":{"minecraft:time_since_rest":5992,"minecraft:interact_with_furnace":5,"minecraft:sprint_one_cm":23172,"minecraft:damage_taken":1203,"minecraft:walk_one_cm":123814,"minecraft:mob_kills":15,"minecraft:drop":1,"minecraft:damage_dealt":1072,"minecraft:swim_one_cm":5213,"minecraft:interact_with_crafting_table":4,"minecraft:fly_one_cm":151382,"minecraft:open_chest":2,"minecraft:crouch_one_cm":152,"minecraft:play_time":100340,"minecraft:deaths":4,"minecraft:sneak_time":1168,"minecraft:walk_under_water_one_cm":24696,"minecraft:jump":633,"minecraft:leave_game":7,"minecraft:time_since_death":5908,"minecraft:walk_on_water_one_cm":14908,"minecraft:total_world_time":100340,"minecraft:fall_one_cm":7653}},"DataVersion":3465}