{"stats":{"minecraft:mined":{"minecraft:grass_block":1,"biomesoplenty:fir_leaves":2,"minecraft:dirt":3,"minecraft:fern":1},"minecraft:killed":{"minecraft:zombie":1},"minecraft:picked_up":{"minecraft:dirt":4},"minecraft:used":{"minecraft:dirt":3},"minecraft:custom":{"minecraft:jump":135,"minecraft:time_since_rest":3500,"minecraft:damage_dealt":136,"minecraft:walk_one_cm":17584,"minecraft:leave_game":3,"minecraft:play_time":14246,"minecraft:sprint_one_cm":3865,"minecraft:damage_taken":640,"minecraft:time_since_death":3473,"minecraft:deaths":2,"minecraft:total_world_time":14246,"minecraft:mob_kills":1,"minecraft:fly_one_cm":4387,"minecraft:fall_one_cm":2329}},"DataVersion":3465}