{"stats":{"minecraft:killed":{"alexsmobs:lobster":7,"minecraft:sheep":4,"minecraft:skeleton":11,"minecraft:zombie":6,"alexsmobs:banana_slug":2,"minecraft:chicken":3},"minecraft:crafted":{"alexsmobs:cooked_lobster_tail":3,"minecraft:crafting_table":2,"minecraft:spruce_planks":24,"minecraft:wooden_pickaxe":1,"minecraft:cooked_chicken":3,"minecraft:furnace":1,"minecraft:cooked_mutton":6,"minecraft:stick":4,"minecraft:stone_sword":1},"minecraft:picked_up":{"immersive_weathering:charred_log":1,"minecraft:feather":4,"farmersdelight:rice":3,"minecraft:chicken":3,"minecraft:leather_leggings":1,"minecraft:brown_mushroom":2,"minecraft:potato":60,"spelunkers_charm:old_miners_bundle":1,"immersive_weathering:grassy_permafrost":1,"supplementaries:flax_seeds":2,"travelersbackpack:gold_tier_upgrade":1,"rustic_engineer:book_airship":1,"minecraft:red_bed":1,"minecraft:dirt":19,"minecraft:string":2,"minecraft:cooked_mutton":2,"minecraft:bone":14,"minecraft:bow":1,"minecraft:wheat_seeds":5,"minecraft:gold_nugget":3,"minecraft:detector_rail":3,"minecraft:spruce_planks":2,"minecraft:iron_nugget":3,"minecraft:powered_rail":2,"supplementaries:rope":11,"minecraft:iron_boots":1,"minecraft:furnace":1,"minecraft:stick":5,"minecraft:cooked_porkchop":2,"minecraft:oak_fence":4,"minecraft:torch":4,"minecraft:spruce_sapling":1,"minecraft:spruce_log":7,"minecraft:redstone":5,"immersive_weathering:permafrost":21,"magistuarmory:rustedchainmail_helmet":1,"minecraft:arrow":5,"minecraft:rotten_flesh":8,"minecraft:soul_lantern":1,"farmersdelight:onion":3,"magistuarmory:rustedcrusader_boots":1,"alexsmobs:banana_slug_slime":3,"minecraft:rail":6,"minecraft:black_wool":1,"minecraft:glow_berries":4,"minecraft:mutton":6,"alexsmobs:lobster_tail":4,"minecraft:iron_bars":3,"minecraft:coal":3,"minecraft:white_wool":3,"minecraft:cobblestone":15},"minecraft:used":{"minecraft:oak_fence":1,"minecraft:cooked_mutton":8,"minecraft:water_bucket":12,"minecraft:stone_sword":32,"minecraft:spruce_planks":2,"minecraft:wooden_pickaxe":27,"minecraft:cooked_chicken":3,"minecraft:rotten_flesh":8,"minecraft:stick":3,"minecraft:torch":17,"minecraft:glow_berries":4,"anthropology_items__structures:hunters_machete":82,"farmersdelight:onion":3,"minecraft:dirt":16,"minecraft:crafting_table":2,"minecraft:red_bed":1,"alexsmobs:cooked_lobster_tail":3,"minecraft:soul_lantern":1,"minecraft:bow":14,"immersive_weathering:permafrost":13,"minecraft:furnace":2,"minecraft:cooked_porkchop":2,"minecraft:bucket":11,"minecraft:potato":3,"minecraft:cooked_beef":1},"minecraft:broken":{"minecraft:leather_leggings":1,"minecraft:bow":1},"minecraft:dropped":{"minecraft:wheat_seeds":1,"minecraft:iron_nugget":3,"minecraft:feather":4,"alexsmobs:lobster_tail":1},"minecraft:mined":{"minecraft:spruce_planks":2,"minecraft:red_bed":1,"minecraft:oak_fence":3,"minecraft:torch":2,"minecraft:grass_block":1,"minecraft:spruce_leaves":604,"minecraft:wall_torch":1,"minecraft:spawner":1,"immersive_weathering:permafrost":1,"minecraft:spruce_log":69,"minecraft:grass":2,"supplementaries:stick":2,"biomesoplenty:fir_leaves":2,"minecraft:iron_bars":3,"minecraft:dirt":20,"minecraft:cobweb":5,"minecraft:stone":11,"minecraft:stone_bricks":7,"minecraft:fern":1},"minecraft:custom":{"minecraft:interact_with_furnace":12,"minecraft:mob_kills":33,"minecraft:interact_with_crafting_table":4,"minecraft:open_barrel":17,"minecraft:leave_game":10,"minecraft:time_since_death":7398,"minecraft:sleep_in_bed":2,"minecraft:climb_one_cm":921,"minecraft:time_since_rest":7424,"minecraft:sprint_one_cm":81386,"minecraft:damage_taken":3135,"minecraft:walk_one_cm":285172,"minecraft:drop":5,"minecraft:damage_dealt":4305,"minecraft:swim_one_cm":5213,"minecraft:fly_one_cm":179925,"minecraft:open_chest":3,"minecraft:crouch_one_cm":1455,"minecraft:play_time":149795,"minecraft:deaths":7,"minecraft:sneak_time":1850,"minecraft:walk_under_water_one_cm":27081,"minecraft:jump":1226,"minecraft:walk_on_water_one_cm":20307,"minecraft:total_world_time":149795,"minecraft:fall_one_cm":21990}},"DataVersion":3465}