{"stats":{"minecraft:killed":{"minecraft:zombie":1},"minecraft:picked_up":{"minecraft:dirt":4},"minecraft:used":{"minecraft:dirt":3},"minecraft:mined":{"minecraft:grass_block":1,"biomesoplenty:fir_leaves":2,"minecraft:dirt":3,"minecraft:fern":1},"minecraft:custom":{"minecraft:open_chest":2,"minecraft:time_since_rest":43333,"minecraft:damage_dealt":156,"minecraft:damage_taken":730,"minecraft:leave_game":6,"minecraft:crouch_one_cm":152,"minecraft:play_time":57870,"minecraft:sprint_one_cm":5655,"minecraft:time_since_death":43294,"minecraft:walk_one_cm":39240,"minecraft:deaths":3,"minecraft:sneak_time":914,"minecraft:total_world_time":57870,"minecraft:mob_kills":1,"minecraft:fly_one_cm":108935,"minecraft:fall_one_cm":2578,"minecraft:jump":252}},"DataVersion":3465}