{"stats":{"minecraft:killed":{"alexsmobs:lobster":7,"minecraft:sheep":4,"minecraft:skeleton":5,"minecraft:zombie":5,"alexsmobs:banana_slug":2,"minecraft:chicken":3},"minecraft:crafted":{"alexsmobs:cooked_lobster_tail":3,"minecraft:crafting_table":2,"minecraft:spruce_planks":24,"minecraft:wooden_pickaxe":1,"minecraft:cooked_chicken":3,"minecraft:furnace":1,"minecraft:cooked_mutton":6,"minecraft:stick":4,"minecraft:stone_sword":1},"minecraft:picked_up":{"immersive_weathering:charred_log":1,"minecraft:feather":2,"farmersdelight:rice":3,"minecraft:chicken":3,"minecraft:leather_leggings":1,"minecraft:brown_mushroom":2,"spelunkers_charm:old_miners_bundle":1,"immersive_weathering:grassy_permafrost":1,"supplementaries:flax_seeds":2,"travelersbackpack:gold_tier_upgrade":1,"rustic_engineer:book_airship":1,"minecraft:red_bed":1,"minecraft:dirt":19,"minecraft:bone":14,"minecraft:bow":1,"minecraft:wheat_seeds":2,"minecraft:gold_nugget":3,"minecraft:detector_rail":3,"minecraft:spruce_planks":2,"minecraft:iron_nugget":3,"minecraft:powered_rail":2,"supplementaries:rope":11,"minecraft:iron_boots":1,"minecraft:furnace":1,"minecraft:stick":2,"minecraft:cooked_porkchop":2,"minecraft:oak_fence":4,"minecraft:torch":3,"minecraft:spruce_sapling":1,"minecraft:spruce_log":7,"minecraft:redstone":5,"immersive_weathering:permafrost":19,"magistuarmory:rustedchainmail_helmet":1,"minecraft:arrow":4,"minecraft:rotten_flesh":8,"minecraft:soul_lantern":1,"farmersdelight:onion":3,"magistuarmory:rustedcrusader_boots":1,"alexsmobs:banana_slug_slime":3,"minecraft:white_wool":3,"minecraft:black_wool":1,"minecraft:glow_berries":4,"minecraft:mutton":6,"alexsmobs:lobster_tail":4,"minecraft:coal":3,"minecraft:rail":6,"minecraft:cobblestone":15},"minecraft:used":{"minecraft:oak_fence":1,"minecraft:cooked_mutton":6,"minecraft:stone_sword":32,"minecraft:spruce_planks":2,"minecraft:wooden_pickaxe":11,"minecraft:cooked_chicken":3,"minecraft:rotten_flesh":5,"minecraft:torch":7,"minecraft:glow_berries":4,"anthropology_items__structures:hunters_machete":49,"farmersdelight:onion":3,"minecraft:dirt":16,"minecraft:crafting_table":2,"minecraft:red_bed":1,"alexsmobs:cooked_lobster_tail":3,"minecraft:soul_lantern":1,"minecraft:furnace":2,"minecraft:cooked_porkchop":2},"minecraft:dropped":{"alexsmobs:lobster_tail":1},"minecraft:mined":{"minecraft:spruce_planks":2,"minecraft:red_bed":1,"minecraft:oak_fence":3,"minecraft:torch":2,"minecraft:grass_block":1,"minecraft:spruce_leaves":604,"minecraft:wall_torch":1,"immersive_weathering:permafrost":1,"minecraft:spruce_log":69,"minecraft:grass":2,"biomesoplenty:fir_leaves":2,"minecraft:dirt":20,"minecraft:cobweb":2,"minecraft:stone":11,"minecraft:fern":1},"minecraft:custom":{"minecraft:interact_with_furnace":10,"minecraft:mob_kills":26,"minecraft:interact_with_crafting_table":4,"minecraft:open_barrel":4,"minecraft:leave_game":9,"minecraft:time_since_death":8300,"minecraft:sleep_in_bed":1,"minecraft:climb_one_cm":152,"minecraft:time_since_rest":7470,"minecraft:sprint_one_cm":65332,"minecraft:damage_taken":2621,"minecraft:walk_one_cm":205816,"minecraft:drop":1,"minecraft:damage_dealt":2982,"minecraft:swim_one_cm":5213,"minecraft:fly_one_cm":177648,"minecraft:open_chest":3,"minecraft:crouch_one_cm":788,"minecraft:play_time":126608,"minecraft:deaths":6,"minecraft:sneak_time":1430,"minecraft:walk_under_water_one_cm":24696,"minecraft:jump":1047,"minecraft:walk_on_water_one_cm":14908,"minecraft:total_world_time":126608,"minecraft:fall_one_cm":20165}},"DataVersion":3465}