{"stats":{"minecraft:used":{"minecraft:dirt":3},"minecraft:killed":{"minecraft:zombie":1},"minecraft:mined":{"minecraft:grass_block":1,"biomesoplenty:fir_leaves":2,"minecraft:dirt":3,"minecraft:fern":1},"minecraft:custom":{"minecraft:time_since_rest":6002,"minecraft:damage_dealt":136,"minecraft:damage_taken":730,"minecraft:leave_game":4,"minecraft:play_time":20539,"minecraft:sprint_one_cm":4442,"minecraft:time_since_death":5963,"minecraft:walk_one_cm":20517,"minecraft:deaths":3,"minecraft:total_world_time":20539,"minecraft:mob_kills":1,"minecraft:fly_one_cm":5522,"minecraft:fall_one_cm":2578,"minecraft:jump":190},"minecraft:picked_up":{"minecraft:dirt":4}},"DataVersion":3465}