{"stats":{"minecraft:killed":{"minecraft:zombie":1},"minecraft:crafted":{"minecraft:crafting_table":1,"minecraft:spruce_planks":24},"minecraft:picked_up":{"minecraft:stick":2,"minecraft:oak_fence":2,"minecraft:spruce_sapling":1,"minecraft:spruce_log":6,"minecraft:dirt":5},"minecraft:used":{"minecraft:dirt":3},"minecraft:mined":{"minecraft:grass_block":1,"biomesoplenty:fir_leaves":2,"minecraft:dirt":4,"minecraft:spruce_leaves":175,"minecraft:spruce_log":15,"minecraft:oak_fence":1,"minecraft:fern":1},"minecraft:custom":{"minecraft:time_since_rest":52159,"minecraft:open_chest":2,"minecraft:crouch_one_cm":152,"minecraft:sprint_one_cm":6902,"minecraft:play_time":66696,"minecraft:deaths":3,"minecraft:damage_taken":750,"minecraft:walk_one_cm":50725,"minecraft:sneak_time":1152,"minecraft:mob_kills":1,"minecraft:jump":277,"minecraft:damage_dealt":156,"minecraft:leave_game":7,"minecraft:time_since_death":52120,"minecraft:total_world_time":66696,"minecraft:fall_one_cm":3938,"minecraft:fly_one_cm":131294}},"DataVersion":3465}