{"stats":{"minecraft:killed":{"alexsmobs:lobster":7,"minecraft:skeleton":11,"alexsmobs:banana_slug":2,"minecraft:chicken":3,"alexsmobs:bison":1,"minecraft:sheep":7,"minecraft:zombie":6},"minecraft:crafted":{"minecraft:cooked_chicken":3,"minecraft:furnace":2,"minecraft:bone_meal":6,"minecraft:cooked_mutton":6,"minecraft:iron_axe":1,"minecraft:smoker":2,"alexsmobs:cooked_lobster_tail":3,"minecraft:crafting_table":3,"minecraft:spruce_planks":56,"minecraft:wooden_pickaxe":1,"minecraft:baked_potato":30,"minecraft:iron_helmet":1,"minecraft:air":0,"minecraft:iron_chestplate":1,"minecraft:shield":2,"minecraft:stick":8,"minecraft:iron_pickaxe":1,"minecraft:stone_sword":1,"minecraft:iron_leggings":1,"minecraft:white_bed":1},"minecraft:picked_up":{"minecraft:crafting_table":1,"minecraft:chicken":3,"minecraft:flower_pot":1,"minecraft:leather_leggings":1,"minecraft:brown_mushroom":2,"minecraft:string":2,"minecraft:red_bed":3,"minecraft:gold_nugget":3,"minecraft:detector_rail":3,"minecraft:spruce_planks":9,"minecraft:cobblestone_slab":1,"minecraft:iron_nugget":3,"supplementaries:rope":11,"minecraft:furnace":2,"minecraft:iron_boots":1,"minecraft:stick":10,"minecraft:oak_fence":8,"minecraft:torch":4,"minecraft:snow_block":1,"minecraft:redstone":5,"immersive_weathering:permafrost":21,"minecraft:howl_pottery_sherd":1,"minecraft:stone_sword":1,"minecraft:arrow":5,"minecraft:rotten_flesh":8,"farmersdelight:onion":3,"minecraft:cobblestone":31,"minecraft:white_wool":6,"minecraft:glow_berries":4,"minecraft:mutton":9,"minecraft:iron_bars":3,"alexsmobs:lobster_tail":4,"minecraft:rail":6,"minecraft:feather":4,"immersive_weathering:charred_log":1,"farmersdelight:rice":3,"minecraft:red_mushroom":3,"minecraft:potato":120,"alexsmobs:bison_fur":2,"spelunkers_charm:old_miners_bundle":1,"immersive_weathering:grassy_permafrost":1,"anthropology_items__structures:hunters_machete":1,"supplementaries:flax_seeds":10,"rustic_engineer:book_airship":1,"travelersbackpack:gold_tier_upgrade":1,"minecraft:dirt":19,"minecraft:cooked_mutton":2,"minecraft:bone":27,"minecraft:red_carpet":1,"minecraft:bow":1,"minecraft:wheat_seeds":9,"minecraft:iron_ingot":12,"minecraft:cooked_chicken":1,"minecraft:powered_rail":2,"minecraft:oak_planks":2,"minecraft:cooked_porkchop":2,"minecraft:stone_brick_slab":3,"minecraft:spruce_sapling":2,"minecraft:white_bed":1,"minecraft:spruce_log":56,"magistuarmory:rustedchainmail_helmet":1,"minecraft:soul_lantern":1,"magistuarmory:rustedcrusader_boots":1,"minecraft:emerald":5,"alexsmobs:banana_slug_slime":3,"minecraft:baked_potato":4,"minecraft:black_wool":1,"minecraft:coal":3},"minecraft:used":{"minecraft:oak_fence":1,"minecraft:stone_sword":32,"minecraft:spruce_planks":11,"minecraft:cooked_chicken":4,"minecraft:rotten_flesh":8,"minecraft:stick":3,"minecraft:torch":25,"minecraft:dirt":16,"minecraft:iron_axe":1,"alexsmobs:cooked_lobster_tail":3,"minecraft:bow":22,"immersive_weathering:permafrost":13,"minecraft:furnace":2,"minecraft:cooked_beef":1,"minecraft:potato":3,"minecraft:cooked_mutton":8,"minecraft:water_bucket":12,"minecraft:baked_potato":9,"minecraft:wooden_pickaxe":49,"minecraft:glow_berries":4,"anthropology_items__structures:hunters_machete":88,"farmersdelight:onion":3,"minecraft:crafting_table":4,"minecraft:red_bed":3,"minecraft:white_bed":1,"minecraft:smoker":2,"minecraft:soul_lantern":1,"minecraft:cooked_porkchop":2,"minecraft:bucket":11,"minecraft:bone_meal":6},"minecraft:broken":{"minecraft:leather_leggings":1,"minecraft:bow":1},"minecraft:custom":{"minecraft:mob_kills":37,"minecraft:interact_with_crafting_table":20,"minecraft:open_barrel":21,"minecraft:leave_game":10,"minecraft:time_since_death":49398,"minecraft:climb_one_cm":921,"minecraft:sprint_one_cm":190928,"minecraft:walk_one_cm":368722,"minecraft:drop":35,"minecraft:play_time":191795,"minecraft:deaths":7,"minecraft:sneak_time":1850,"minecraft:walk_under_water_one_cm":29260,"minecraft:jump":1760,"minecraft:walk_on_water_one_cm":26782,"minecraft:total_world_time":191795,"minecraft:interact_with_furnace":22,"minecraft:sleep_in_bed":6,"minecraft:time_since_rest":1158,"minecraft:waystone_activated":1,"minecraft:damage_taken":3285,"minecraft:damage_dealt":4546,"minecraft:swim_one_cm":33185,"minecraft:fly_one_cm":271563,"minecraft:open_chest":3,"minecraft:crouch_one_cm":1455,"minecraft:interact_with_smoker":27,"minecraft:fall_one_cm":33919},"minecraft:dropped":{"minecraft:brown_mushroom":2,"minecraft:wheat_seeds":6,"alexsmobs:banana_slug_slime":3,"anthropology_items__structures:hunters_machete":1,"minecraft:feather":4,"minecraft:oak_fence":2,"minecraft:rail":6,"minecraft:leather_helmet":1,"farmersdelight:rice":3,"minecraft:red_mushroom":1,"minecraft:red_carpet":1,"immersive_weathering:charred_log":1,"minecraft:white_wool":3,"minecraft:stone_brick_slab":3,"minecraft:redstone":5,"minecraft:snow_block":1,"minecraft:iron_nugget":3,"minecraft:detector_rail":3,"minecraft:cobblestone_slab":1,"minecraft:shield":1,"minecraft:flower_pot":1,"alexsmobs:lobster_tail":1,"minecraft:spruce_planks":7,"minecraft:iron_bars":3,"minecraft:powered_rail":2,"minecraft:black_wool":1},"minecraft:mined":{"minecraft:spruce_planks":2,"minecraft:white_bed":1,"minecraft:grass_block":1,"minecraft:spruce_leaves":679,"minecraft:red_mushroom":3,"minecraft:spawner":1,"minecraft:furnace":1,"supplementaries:stick":2,"minecraft:iron_bars":3,"minecraft:stone":27,"minecraft:red_bed":3,"immersive_weathering:spruce_leaf_pile":1,"minecraft:oak_fence":4,"minecraft:crafting_table":1,"minecraft:torch":2,"minecraft:dead_bush":1,"minecraft:oak_planks":2,"minecraft:wall_torch":1,"immersive_weathering:permafrost":1,"spelunkers_charm:rock_pile_3":1,"minecraft:coarse_dirt":1,"minecraft:spruce_log":151,"minecraft:grass":2,"biomesoplenty:fir_leaves":2,"minecraft:dirt":20,"minecraft:cobweb":5,"minecraft:stone_bricks":7,"minecraft:fern":1}},"DataVersion":3465}