{"stats":{"minecraft:killed":{"minecraft:zombie":1},"minecraft:crafted":{"minecraft:crafting_table":1,"minecraft:spruce_planks":24},"minecraft:picked_up":{"minecraft:stick":2,"farmersdelight:rice":3,"minecraft:oak_fence":4,"spelunkers_charm:old_miners_bundle":1,"supplementaries:flax_seeds":2,"minecraft:spruce_sapling":1,"minecraft:spruce_log":7,"travelersbackpack:gold_tier_upgrade":1,"minecraft:redstone":5,"immersive_weathering:permafrost":3,"rustic_engineer:book_airship":1,"minecraft:dirt":19,"minecraft:rotten_flesh":2,"farmersdelight:onion":3,"minecraft:detector_rail":3,"minecraft:powered_rail":2,"supplementaries:rope":11,"minecraft:glow_berries":4,"minecraft:coal":3,"minecraft:rail":6,"minecraft:iron_boots":1},"minecraft:used":{"minecraft:oak_fence":1,"minecraft:rotten_flesh":2,"farmersdelight:onion":3,"minecraft:glow_berries":4,"minecraft:dirt":6,"minecraft:crafting_table":1},"minecraft:mined":{"immersive_weathering:permafrost":1,"minecraft:spruce_log":69,"minecraft:oak_fence":3,"minecraft:grass_block":1,"biomesoplenty:fir_leaves":2,"minecraft:dirt":20,"minecraft:spruce_leaves":602,"minecraft:fern":1},"minecraft:custom":{"minecraft:time_since_rest":61803,"minecraft:sprint_one_cm":13575,"minecraft:damage_taken":760,"minecraft:walk_one_cm":82610,"minecraft:mob_kills":1,"minecraft:damage_dealt":156,"minecraft:fly_one_cm":144164,"minecraft:open_chest":2,"minecraft:crouch_one_cm":152,"minecraft:play_time":76340,"minecraft:deaths":3,"minecraft:sneak_time":1152,"minecraft:walk_under_water_one_cm":303,"minecraft:jump":369,"minecraft:leave_game":7,"minecraft:time_since_death":61764,"minecraft:walk_on_water_one_cm":129,"minecraft:total_world_time":76340,"minecraft:fall_one_cm":5498}},"DataVersion":3465}