{"stats":{"minecraft:killed":{"minecraft:zombie":1},"minecraft:picked_up":{"minecraft:dirt":4},"minecraft:used":{"minecraft:dirt":3},"minecraft:mined":{"minecraft:grass_block":1,"biomesoplenty:fir_leaves":2,"minecraft:dirt":3,"minecraft:fern":1},"minecraft:custom":{"minecraft:time_since_rest":20812,"minecraft:damage_dealt":146,"minecraft:damage_taken":730,"minecraft:leave_game":6,"minecraft:crouch_one_cm":142,"minecraft:play_time":35349,"minecraft:sprint_one_cm":4442,"minecraft:time_since_death":20773,"minecraft:walk_one_cm":25815,"minecraft:deaths":3,"minecraft:sneak_time":836,"minecraft:total_world_time":35349,"minecraft:mob_kills":1,"minecraft:fly_one_cm":55987,"minecraft:fall_one_cm":2578,"minecraft:jump":212}},"DataVersion":3465}