{"stats":{"minecraft:killed":{"alexsmobs:lobster":7,"minecraft:skeleton":11,"alexsmobs:banana_slug":2,"minecraft:chicken":3,"alexsmobs:bison":2,"minecraft:creeper":1,"minecraft:sheep":7,"minecraft:zombie":6,"minecraft:cow":11},"minecraft:crafted":{"minecraft:cooked_chicken":3,"minecraft:furnace":2,"minecraft:bone_meal":6,"minecraft:cooked_mutton":6,"minecraft:iron_axe":1,"quark:spruce_chest":2,"minecraft:smoker":2,"alexsmobs:cooked_lobster_tail":3,"minecraft:crafting_table":4,"minecraft:spruce_planks":76,"minecraft:wooden_pickaxe":1,"minecraft:baked_potato":30,"minecraft:iron_helmet":1,"minecraft:air":0,"minecraft:iron_chestplate":1,"minecraft:shield":2,"minecraft:stick":8,"minecraft:iron_pickaxe":1,"minecraft:stone_sword":1,"minecraft:iron_leggings":1,"minecraft:white_bed":1},"minecraft:picked_up":{"minecraft:crafting_table":2,"minecraft:allium":6,"minecraft:chicken":3,"minecraft:flower_pot":7,"minecraft:leather_leggings":1,"minecraft:brown_mushroom":2,"minecraft:moss_carpet":1,"minecraft:string":14,"minecraft:red_bed":5,"quark:spruce_chest":1,"minecraft:gold_nugget":4,"minecraft:detector_rail":3,"minecraft:spruce_planks":9,"minecraft:beef":30,"minecraft:cobblestone_slab":1,"minecraft:iron_nugget":3,"supplementaries:rope":11,"minecraft:furnace":2,"minecraft:iron_boots":1,"minecraft:stick":10,"minecraft:oak_fence":8,"minecraft:torch":4,"minecraft:snow_block":1,"minecraft:redstone":5,"immersive_weathering:permafrost":21,"minecraft:howl_pottery_sherd":1,"minecraft:stone_sword":1,"minecraft:arrow":7,"minecraft:rotten_flesh":8,"farmersdelight:onion":3,"minecraft:cobblestone":31,"minecraft:white_wool":6,"minecraft:glow_berries":4,"minecraft:mutton":9,"minecraft:iron_bars":17,"alexsmobs:lobster_tail":4,"minecraft:rail":6,"magistuarmory:rustedhalfarmor_chestplate":1,"minecraft:feather":4,"immersive_weathering:charred_log":1,"farmersdelight:rice":3,"minecraft:leather":13,"minecraft:smoker":2,"minecraft:red_mushroom":3,"minecraft:potato":120,"alexsmobs:bison_fur":3,"spelunkers_charm:old_miners_bundle":1,"immersive_weathering:grassy_permafrost":1,"anthropology_items__structures:hunters_machete":1,"supplementaries:flax_seeds":10,"rustic_engineer:book_airship":1,"travelersbackpack:gold_tier_upgrade":1,"minecraft:dirt":20,"minecraft:cooked_mutton":2,"minecraft:bone":27,"minecraft:red_carpet":1,"minecraft:bow":1,"minecraft:wheat_seeds":14,"minecraft:iron_ingot":12,"minecraft:cooked_chicken":1,"minecraft:powered_rail":2,"minecraft:oak_planks":2,"minecraft:chiseled_polished_blackstone":14,"minecraft:cooked_porkchop":2,"minecraft:stone_brick_slab":3,"minecraft:gravel":1,"minecraft:spruce_sapling":2,"minecraft:white_bed":2,"minecraft:spruce_log":56,"minecraft:polished_andesite":1,"magistuarmory:rustedchainmail_helmet":1,"minecraft:black_concrete_powder":2,"minecraft:soul_lantern":1,"magistuarmory:rustedcrusader_boots":1,"minecraft:cracked_polished_blackstone_bricks":2,"minecraft:emerald":5,"alexsmobs:banana_slug_slime":3,"minecraft:baked_potato":4,"minecraft:oak_sapling":1,"minecraft:black_wool":1,"minecraft:coal":3},"minecraft:used":{"minecraft:oak_fence":1,"minecraft:stone_sword":32,"minecraft:shield":1,"minecraft:spruce_planks":11,"minecraft:cooked_chicken":4,"minecraft:rotten_flesh":8,"minecraft:stick":3,"minecraft:torch":25,"minecraft:dirt":16,"quark:spruce_chest":3,"minecraft:iron_axe":4,"alexsmobs:cooked_lobster_tail":3,"minecraft:bow":27,"immersive_weathering:permafrost":13,"minecraft:furnace":2,"minecraft:cooked_beef":1,"minecraft:potato":3,"minecraft:cooked_mutton":8,"minecraft:water_bucket":23,"minecraft:polished_andesite":1,"minecraft:baked_potato":32,"minecraft:wooden_pickaxe":49,"minecraft:glow_berries":4,"anthropology_items__structures:hunters_machete":123,"farmersdelight:onion":3,"minecraft:crafting_table":5,"minecraft:red_bed":5,"minecraft:white_bed":3,"minecraft:spruce_log":118,"minecraft:smoker":4,"minecraft:iron_pickaxe":26,"minecraft:soul_lantern":1,"minecraft:cobblestone":13,"minecraft:cooked_porkchop":2,"minecraft:bucket":23,"minecraft:bone_meal":6},"minecraft:broken":{"minecraft:leather_leggings":1,"minecraft:bow":1},"minecraft:custom":{"minecraft:mob_kills":54,"minecraft:interact_with_crafting_table":21,"minecraft:open_barrel":44,"minecraft:leave_game":11,"minecraft:time_since_death":116147,"minecraft:climb_one_cm":2401,"minecraft:sprint_one_cm":449705,"minecraft:walk_one_cm":529075,"minecraft:damage_blocked_by_shield":75,"minecraft:drop":62,"minecraft:play_time":258544,"minecraft:deaths":7,"minecraft:sneak_time":2164,"minecraft:walk_under_water_one_cm":41893,"minecraft:jump":3014,"minecraft:walk_on_water_one_cm":49897,"minecraft:total_world_time":258544,"minecraft:interact_with_furnace":22,"minecraft:sleep_in_bed":9,"minecraft:time_since_rest":9,"minecraft:waystone_activated":1,"minecraft:damage_taken":3957,"minecraft:damage_dealt":6065,"minecraft:swim_one_cm":44605,"minecraft:fly_one_cm":496315,"minecraft:open_chest":25,"minecraft:crouch_one_cm":2418,"minecraft:interact_with_smoker":28,"minecraft:fall_one_cm":68208,"minecraft:inspect_dispenser":3},"minecraft:dropped":{"minecraft:brown_mushroom":2,"minecraft:wheat_seeds":10,"alexsmobs:banana_slug_slime":3,"minecraft:crafting_table":1,"anthropology_items__structures:hunters_machete":1,"minecraft:feather":4,"minecraft:oak_fence":2,"minecraft:rail":6,"minecraft:leather_helmet":1,"farmersdelight:rice":3,"minecraft:red_mushroom":1,"minecraft:red_carpet":1,"immersive_weathering:charred_log":1,"minecraft:gold_nugget":1,"minecraft:string":3,"minecraft:white_wool":3,"minecraft:spruce_sapling":1,"minecraft:stone_brick_slab":3,"minecraft:redstone":5,"minecraft:snow_block":1,"minecraft:gravel":1,"minecraft:iron_nugget":3,"minecraft:detector_rail":3,"minecraft:cobblestone_slab":1,"minecraft:shield":1,"minecraft:flower_pot":1,"alexsmobs:lobster_tail":1,"minecraft:black_concrete_powder":2,"minecraft:spruce_planks":11,"minecraft:oak_sapling":1,"minecraft:iron_bars":15,"minecraft:powered_rail":2,"minecraft:black_wool":1},"minecraft:mined":{"minecraft:dark_oak_planks":1,"minecraft:spruce_planks":2,"minecraft:white_bed":2,"minecraft:chiseled_polished_blackstone":14,"minecraft:grass_block":2,"minecraft:cracked_polished_blackstone_bricks":2,"minecraft:spruce_leaves":679,"minecraft:red_mushroom":3,"minecraft:spawner":1,"minecraft:furnace":1,"minecraft:pointed_dripstone":6,"supplementaries:stick":2,"minecraft:iron_bars":5,"minecraft:stone":27,"minecraft:tripwire":10,"biomesoplenty:jacaranda_leaves":1,"minecraft:red_bed":5,"immersive_weathering:spruce_leaf_pile":1,"minecraft:oak_fence":4,"minecraft:crafting_table":1,"minecraft:torch":2,"minecraft:dead_bush":1,"minecraft:tall_grass":1,"minecraft:oak_planks":2,"minecraft:wall_torch":1,"immersive_weathering:permafrost":1,"spelunkers_charm:rock_pile_3":1,"minecraft:coarse_dirt":1,"minecraft:spruce_log":151,"minecraft:birch_leaves":2,"minecraft:grass":3,"biomesoplenty:fir_leaves":2,"quark:spruce_chest":1,"minecraft:dirt":20,"minecraft:cobweb":5,"minecraft:polished_andesite":1,"minecraft:stone_bricks":7,"minecraft:fern":1}},"DataVersion":3465}