{"stats":{"minecraft:killed":{"minecraft:zombie":1},"minecraft:picked_up":{"minecraft:dirt":4},"minecraft:used":{"minecraft:dirt":3},"minecraft:mined":{"minecraft:grass_block":1,"biomesoplenty:fir_leaves":2,"minecraft:dirt":3,"minecraft:fern":1},"minecraft:custom":{"minecraft:time_since_rest":9356,"minecraft:crouch_one_cm":116,"minecraft:damage_dealt":146,"minecraft:damage_taken":730,"minecraft:leave_game":4,"minecraft:play_time":23893,"minecraft:sprint_one_cm":4442,"minecraft:time_since_death":9317,"minecraft:walk_one_cm":20578,"minecraft:deaths":3,"minecraft:sneak_time":431,"minecraft:total_world_time":23893,"minecraft:mob_kills":1,"minecraft:fly_one_cm":29577,"minecraft:fall_one_cm":2578,"minecraft:jump":205}},"DataVersion":3465}