{"stats":{"minecraft:mined":{"minecraft:grass_block":1,"biomesoplenty:fir_leaves":1,"minecraft:dirt":2,"minecraft:fern":1},"minecraft:picked_up":{"minecraft:dirt":3},"minecraft:used":{"minecraft:dirt":1},"minecraft:custom":{"minecraft:jump":53,"minecraft:time_since_rest":1732,"minecraft:deaths":1,"minecraft:leave_game":2,"minecraft:play_time":7237,"minecraft:sprint_one_cm":3865,"minecraft:damage_taken":225,"minecraft:time_since_death":1689,"minecraft:walk_one_cm":12156,"minecraft:total_world_time":7237,"minecraft:fall_one_cm":1788,"minecraft:fly_one_cm":3812}},"DataVersion":3465}