{"stats":{"minecraft:killed":{"alexsmobs:lobster":7,"minecraft:sheep":4,"minecraft:zombie":1,"alexsmobs:banana_slug":1,"minecraft:chicken":3},"minecraft:crafted":{"alexsmobs:cooked_lobster_tail":3,"minecraft:crafting_table":2,"minecraft:spruce_planks":24,"minecraft:wooden_pickaxe":1,"minecraft:furnace":1,"minecraft:stick":4,"minecraft:stone_sword":1},"minecraft:picked_up":{"immersive_weathering:charred_log":1,"minecraft:feather":2,"farmersdelight:rice":3,"minecraft:chicken":3,"minecraft:brown_mushroom":2,"spelunkers_charm:old_miners_bundle":1,"immersive_weathering:grassy_permafrost":1,"supplementaries:flax_seeds":2,"rustic_engineer:book_airship":1,"travelersbackpack:gold_tier_upgrade":1,"minecraft:dirt":19,"minecraft:red_bed":1,"minecraft:bone":11,"minecraft:wheat_seeds":1,"minecraft:gold_nugget":3,"minecraft:detector_rail":3,"minecraft:spruce_planks":2,"minecraft:iron_nugget":3,"minecraft:powered_rail":2,"supplementaries:rope":11,"minecraft:iron_boots":1,"minecraft:furnace":1,"minecraft:stick":2,"minecraft:cooked_porkchop":2,"minecraft:oak_fence":4,"minecraft:torch":2,"minecraft:spruce_sapling":1,"minecraft:spruce_log":7,"minecraft:redstone":5,"immersive_weathering:permafrost":19,"minecraft:rotten_flesh":4,"farmersdelight:onion":3,"minecraft:soul_lantern":1,"alexsmobs:banana_slug_slime":2,"minecraft:rail":6,"minecraft:black_wool":1,"minecraft:glow_berries":4,"minecraft:mutton":6,"minecraft:coal":3,"alexsmobs:lobster_tail":4,"minecraft:white_wool":3,"minecraft:cobblestone":15},"minecraft:used":{"minecraft:oak_fence":1,"minecraft:stone_sword":32,"minecraft:spruce_planks":2,"minecraft:wooden_pickaxe":11,"minecraft:rotten_flesh":4,"minecraft:torch":4,"minecraft:glow_berries":4,"anthropology_items__structures:hunters_machete":1,"farmersdelight:onion":3,"minecraft:dirt":14,"minecraft:crafting_table":2,"alexsmobs:cooked_lobster_tail":3,"minecraft:soul_lantern":1,"minecraft:furnace":1,"minecraft:cooked_porkchop":2},"minecraft:dropped":{"alexsmobs:lobster_tail":1},"minecraft:mined":{"minecraft:spruce_planks":2,"minecraft:red_bed":1,"minecraft:oak_fence":3,"minecraft:torch":2,"minecraft:grass_block":1,"minecraft:spruce_leaves":604,"immersive_weathering:permafrost":1,"minecraft:spruce_log":69,"minecraft:grass":1,"biomesoplenty:fir_leaves":2,"minecraft:dirt":20,"minecraft:stone":11,"minecraft:fern":1},"minecraft:custom":{"minecraft:interact_with_furnace":5,"minecraft:mob_kills":16,"minecraft:interact_with_crafting_table":4,"minecraft:leave_game":8,"minecraft:time_since_death":0,"minecraft:climb_one_cm":152,"minecraft:time_since_rest":1,"minecraft:sprint_one_cm":50145,"minecraft:damage_taken":1513,"minecraft:walk_one_cm":171051,"minecraft:drop":1,"minecraft:damage_dealt":1202,"minecraft:swim_one_cm":5213,"minecraft:fly_one_cm":170633,"minecraft:open_chest":3,"minecraft:crouch_one_cm":152,"minecraft:play_time":111743,"minecraft:deaths":5,"minecraft:sneak_time":1168,"minecraft:walk_under_water_one_cm":24696,"minecraft:jump":937,"minecraft:walk_on_water_one_cm":14908,"minecraft:total_world_time":111743,"minecraft:fall_one_cm":18192}},"DataVersion":3465}