{
  "travelersbackpack:standard_from_custom": {
    "criteria": {
      "has_the_recipe": "2024-07-19 23:52:30 +0000"
    },
    "done": true
  },
  "mca:recipes/building_blocks/headstones": {
    "criteria": {
      "has_the_cross_recipe": "2024-07-19 23:52:30 +0000"
    },
    "done": true
  },
  "farmersdelight:main/root": {
    "criteria": {
      "seeds": "2024-07-19 23:52:30 +0000"
    },
    "done": true
  },
  "takesapillage:root": {
    "criteria": {
      "always": "2024-07-19 23:52:31 +0000"
    },
    "done": true
  },
  "mowziesmobs:root": {
    "criteria": {
      "custom_test_name": "2024-07-19 23:52:31 +0000"
    },
    "done": true
  },
  "realmrpg_quests:root": {
    "criteria": {
      "root_0": "2024-07-19 23:52:31 +0000"
    },
    "done": true
  },
  "incendium:technical/new_player": {
    "criteria": {
      "requirement": "2024-07-19 23:52:31 +0000"
    },
    "done": true
  },
  "repurposed_structures:root": {
    "criteria": {
      "always": "2024-07-19 23:52:31 +0000"
    },
    "done": true
  },
  "incendium:technical/using/trailblazer": {
    "criteria": {
      "log_spam_fixer": "2024-07-19 23:52:33 +0000"
    },
    "done": false
  },
  "incendium:technical/scroll_of_returning": {
    "criteria": {
      "log_spam_fixer": "2024-07-19 23:52:33 +0000"
    },
    "done": false
  },
  "biomesoplenty:biomesoplenty/all_biomes": {
    "criteria": {
      "snowblossom_grove": "2024-07-21 21:13:59 +0000",
      "rocky_shrubland": "2024-07-22 05:24:07 +0000",
      "highland": "2024-07-21 22:23:33 +0000",
      "jade_cliffs": "2024-07-21 22:25:33 +0000",
      "clover_patch": "2024-07-22 05:27:27 +0000",
      "mystic_grove": "2024-07-22 05:24:10 +0000",
      "cold_desert": "2024-07-23 02:55:03 +0000",
      "orchard": "2024-07-22 05:22:46 +0000",
      "lavender_forest": "2024-07-22 05:39:20 +0000",
      "moor": "2024-07-21 22:29:22 +0000",
      "coniferous_forest": "2024-07-21 22:20:57 +0000",
      "seasonal_forest": "2024-07-22 05:07:48 +0000",
      "pumpkin_patch": "2024-07-22 05:22:33 +0000",
      "grassland": "2024-07-22 05:25:51 +0000",
      "snowy_fir_clearing": "2024-07-19 23:52:33 +0000",
      "snowy_coniferous_forest": "2024-07-23 02:54:19 +0000",
      "tundra": "2024-07-22 05:08:20 +0000",
      "snowy_maple_woods": "2024-07-21 21:30:44 +0000",
      "crag": "2024-07-21 22:25:14 +0000",
      "ominous_woods": "2024-07-22 05:15:26 +0000"
    },
    "done": false
  },
  "incendium:technical/using/ragnarok": {
    "criteria": {
      "log_spam_fixer": "2024-07-19 23:52:33 +0000"
    },
    "done": false
  },
  "incendium:technical/using/shield": {
    "criteria": {
      "log_spam_fixer": "2024-07-19 23:52:33 +0000"
    },
    "done": false
  },
  "biomesoplenty:biomesoplenty/root": {
    "criteria": {
      "snowy_fir_clearing": "2024-07-19 23:52:33 +0000"
    },
    "done": true
  },
  "repurposed_structures:outposts": {
    "criteria": {
      "in_outpost_snowy": "2024-07-19 23:56:01 +0000"
    },
    "done": false
  },
  "immersive_weathering:immersive_weathering/dirts": {
    "criteria": {
      "dirt": "2024-07-20 00:29:13 +0000"
    },
    "done": false
  },
  "minecraft:adventure/adventuring_time": {
    "criteria": {
      "minecraft:old_growth_pine_taiga": "2024-07-21 22:28:57 +0000",
      "minecraft:taiga": "2024-07-21 22:28:37 +0000",
      "minecraft:frozen_river": "2024-07-21 22:00:29 +0000",
      "minecraft:beach": "2024-07-21 22:11:03 +0000",
      "minecraft:river": "2024-07-21 22:05:47 +0000",
      "minecraft:snowy_plains": "2024-07-21 21:49:04 +0000",
      "minecraft:snowy_taiga": "2024-07-21 21:48:45 +0000",
      "minecraft:jagged_peaks": "2024-07-20 00:35:23 +0000",
      "minecraft:cold_ocean": "2024-07-22 05:43:10 +0000",
      "minecraft:forest": "2024-07-21 22:06:04 +0000",
      "minecraft:frozen_ocean": "2024-07-21 22:00:38 +0000",
      "minecraft:snowy_beach": "2024-07-21 22:00:34 +0000",
      "minecraft:plains": "2024-07-22 05:39:45 +0000"
    },
    "done": false
  },
  "minecraft:adventure/root": {
    "criteria": {
      "killed_something": "2024-07-20 00:36:14 +0000"
    },
    "done": true
  },
  "minecraft:adventure/kill_all_mobs": {
    "criteria": {
      "minecraft:pillager": "2024-07-23 02:52:42 +0000",
      "minecraft:skeleton": "2024-07-21 22:40:35 +0000",
      "minecraft:creeper": "2024-07-22 06:02:46 +0000",
      "minecraft:zombie": "2024-07-20 00:36:14 +0000"
    },
    "done": false
  },
  "minecraft:adventure/kill_a_mob": {
    "criteria": {
      "minecraft:zombie": "2024-07-20 00:36:14 +0000"
    },
    "done": true
  },
  "easy_mob_farm:crafting/root": {
    "criteria": {
      "crafting_table": "2024-07-21 21:52:05 +0000"
    },
    "done": true
  },
  "aquamirae:adventure/root": {
    "criteria": {
      "crafting_table": "2024-07-21 21:52:05 +0000"
    },
    "done": true
  },
  "minecraft:story/root": {
    "criteria": {
      "crafting_table": "2024-07-21 21:52:05 +0000"
    },
    "done": true
  },
  "minecraft:story/obtain_armor": {
    "criteria": {
      "iron_boots": "2024-07-21 22:01:53 +0000"
    },
    "done": true
  },
  "minecraft:husbandry/balanced_diet": {
    "criteria": {
      "cooked_porkchop": "2024-07-21 22:22:42 +0000",
      "cooked_mutton": "2024-07-21 22:41:52 +0000",
      "cooked_beef": "2024-07-22 04:14:03 +0000",
      "baked_potato": "2024-07-22 04:36:03 +0000",
      "potato": "2024-07-22 04:32:12 +0000",
      "rotten_flesh": "2024-07-21 22:01:58 +0000",
      "glow_berries": "2024-07-21 22:02:31 +0000",
      "cooked_chicken": "2024-07-21 22:38:45 +0000"
    },
    "done": false
  },
  "minecraft:husbandry/root": {
    "criteria": {
      "consumed_item": "2024-07-21 22:01:58 +0000"
    },
    "done": true
  },
  "farmersdelight:main/get_fd_seed": {
    "criteria": {
      "onion": "2024-07-21 22:02:15 +0000"
    },
    "done": true
  },
  "minecraft:story/mine_stone": {
    "criteria": {
      "get_stone": "2024-07-21 22:08:10 +0000"
    },
    "done": true
  },
  "alexsmobs:alexsmobs/banana_slug": {
    "criteria": {
      "killed": "2024-07-21 22:21:11 +0000"
    },
    "done": true
  },
  "mca:recipes/misc/family_tree": {
    "criteria": {
      "has_item": "2024-07-21 22:30:45 +0000"
    },
    "done": true
  },
  "minecraft:story/mine_diamond": {
    "criteria": {
      "diamond": "2024-07-21 22:39:30 +0000"
    },
    "done": true
  },
  "minecraft:adventure/sleep_in_bed": {
    "criteria": {
      "slept_in_bed": "2024-07-21 22:41:04 +0000"
    },
    "done": true
  },
  "mca:recipes/misc/comb": {
    "criteria": {
      "has_item": "2024-07-22 04:11:56 +0000"
    },
    "done": true
  },
  "mca:recipes/misc/needle_and_thread": {
    "criteria": {
      "has_item": "2024-07-22 04:11:56 +0000"
    },
    "done": true
  },
  "mca:recipes/misc/whistle": {
    "criteria": {
      "has_item": "2024-07-22 04:11:56 +0000"
    },
    "done": true
  },
  "minecraft:story/smelt_iron": {
    "criteria": {
      "iron": "2024-07-22 04:11:56 +0000"
    },
    "done": true
  },
  "minecraft:story/shiny_gear": {
    "criteria": {
      "diamond_leggings": "2024-07-22 04:18:28 +0000"
    },
    "done": true
  },
  "minecraft:adventure/shoot_arrow": {
    "criteria": {
      "shot_arrow": "2024-07-22 04:20:01 +0000"
    },
    "done": true
  },
  "minecraft:story/iron_tools": {
    "criteria": {
      "iron_pickaxe": "2024-07-22 04:43:25 +0000"
    },
    "done": true
  },
  "minecraft:husbandry/tame_an_animal": {
    "criteria": {
      "tamed_animal": "2024-07-22 05:01:46 +0000"
    },
    "done": true
  },
  "minecraft:adventure/salvage_sherd": {
    "criteria": {
      "has_sherd": "2024-07-22 05:03:24 +0000"
    },
    "done": false
  },
  "repurposed_structures:pyramids": {
    "criteria": {
      "in_pyramid_dark_forest": "2024-07-22 05:17:48 +0000"
    },
    "done": false
  },
  "minecraft:story/deflect_arrow": {
    "criteria": {
      "deflected_projectile": "2024-07-22 05:18:02 +0000"
    },
    "done": true
  },
  "quark:get_all_blossom_saplings": {
    "criteria": {
      "yellow": "2024-07-22 05:41:29 +0000"
    },
    "done": false
  },
  "mca:recipes/misc/bouquet": {
    "criteria": {
      "has_item": "2024-07-22 05:44:29 +0000"
    },
    "done": true
  },
  "mca:root": {
    "criteria": {
      "village_taiga": "2024-07-23 02:56:14 +0000"
    },
    "done": true
  },
  "dungeons_arise:wda_root": {
    "criteria": {
      "WDA": "2024-07-23 02:40:46 +0000"
    },
    "done": true
  },
  "DataVersion": 3465
}